{ "questionData" : [
    {
      "questionId": 0,
      "title": "How can I remove a specific item from an array in JavaScript?",
      "content": "<p>How do I remove a specific value from an array? Something like: </p><p>array.remove(value);</p><p>Constraints: I have to use core JavaScript. Frameworks are not allowed.</p>",
      "user": "nickname",
      "date": "2023/08/12",
      "vote": 8,
      "tag": "[javascript]",
      "answer": [
        {
          "answerId": 0,
          "content": "Find the index of the array element you want to remove using indexOf, and then remove that index with splice.",
          "user": "Answer Robot",
          "date": "2023/08/12",
          "vote": 2
        },
        {
          "answerId": 0,
          "content": "Find the index of the array element you want to remove using indexOf, and then remove that index with splice.",
          "user": "Answer Robot",
          "date": "2023/08/12",
          "vote": 1
        }
      ]
    },
    {
      "questionId": 1,
      "title": "How can I remove a specific item from an array in HTML?",
      "content": "<p>How do I remove a specific value from an array? Something like: </p><p>array.remove(value);</p><p>Constraints: I have to use core JavaScript. Frameworks are not allowed.</p>",
      "user": "nickname",
      "date": "2023/08/12",
      "vote": 8,
      "tag": "[html]",
      "answer": [
        {
          "answerId": 0,
          "content": "Find the index of the array element you want to remove using indexOf, and then remove that index with splice.",
          "user": "Answer Robot",
          "date": "2023/08/12",
          "vote": 2
        },
        {
          "answerId": 0,
          "content": "Find the index of the array element you want to remove using indexOf, and then remove that index with splice.",
          "user": "Answer Robot",
          "date": "2023/08/12",
          "vote": 1
        }
      ]
    },
    {
      "questionId": 2,
      "title":
        "splice spaces in array but space is still there / splice a split result javascript [duplicate]",
      "content": "How do I remove a specific value from an array? Something like: array.remove(value); Constraints: I have to use core JavaScript. Frameworks are not allowed.",
      "user": "happy dog",
      "date": "2023/08/12",
      "vote": 1,
      "tag": "[javascript, react]",
      "answer": []
    },
    {
      "questionId": 3,
      "title": "Removing elements from JavaScript arrays",
      "content": "In JavaScript, how can I remove element from myArray and then recalculate indexes or is this not possible?",
      "user": "nickname",
      "date": "2023/08/12",
      "vote": 0,
      "tag": "[javascript]",
      "answer": [
        {
          "answerId": 0,
          "content": "You could use myArray.push('MenuA'); so you don't specify direct numbers when adding elements.",
          "user": "Answer Robot",
          "date": "2023/08/12",
          "vote": 3
        },
        {
          "answerId": 0,
          "content": "You could use myArray.push('MenuA'); so you don't specify direct numbers when adding elements.",
          "user": "Answer Robot",
          "date": "2023/08/12",
          "vote": 0
        },        
        {
          "answerId": 0,
          "content": "You could use myArray.push('MenuA'); so you don't specify direct numbers when adding elements.",
          "user": "Answer Robot",
          "date": "2023/08/12",
          "vote": 0
        }
      ]
    },
        {
      "questionId": 4,
      "title": "How can I remove a specific item from an array in Mysql?",
      "content": "<p>How do I remove a specific value from an array? Something like: </p><p>array.remove(value);</p><p>Constraints: I have to use core JavaScript. Frameworks are not allowed.</p>",
      "user": "nickname",
      "date": "2023/08/12",
      "vote": 4,
      "tag": "[mysql]",
      "answer": [
        {
          "answerId": 0,
          "content": "Find the index of the array element you want to remove using indexOf, and then remove that index with splice.",
          "user": "Answer Robot",
          "date": "2023/08/12",
          "vote": 1
        }
      ]
    },
    {
      "questionId": 5,
      "title": "Run getElementsBy in multiple url's",
      "content": "I would like to run a script in the browser console that will open an array of url's one by one with a few seconds delay between them, better if in the same tab, will copy some data from the page and will insert it into a file and download it after finishing the url's. This is what I got so far, but still not working. Do you know of any alternative to get the this result?",
      "user": "happy cat",
      "date": "2023/08/12",
      "vote": 0,
      "tag": "[javascript]",
      "answer": []
    },
    {
      "questionId": 6,
      "title": "How can I remove a specific item from an array in ESLint?",
      "content": "<p>How do I remove a specific value from an array? Something like: </p><p>array.remove(value);</p><p>Constraints: I have to use core JavaScript. Frameworks are not allowed.</p>",
      "user": "nickname",
      "date": "2023/08/12",
      "vote": 0,
      "tag": "[eslint]",
      "answer": []
    },
    {
      "questionId": 7,
      "title": "How can I remove a specific item from an array in Axios?",
      "content": "<p>How do I remove a specific value from an array? Something like: </p><p>array.remove(value);</p><p>Constraints: I have to use core JavaScript. Frameworks are not allowed.</p>",
      "user": "nickname",
      "date": "2023/08/12",
      "vote": 11,
      "tag": "[javascript, axios]",
      "answer": [
        {
          "answerId": 0,
          "content": "Find the index of the array element you want to remove using indexOf, and then remove that index with splice.",
          "user": "Answer Robot",
          "date": "2023/08/12",
          "vote": 0
        }
      ]
    },
    {
      "questionId": 8,
      "title": "How can I remove a specific item from an array in AWS?",
      "content": "<p>How do I remove a specific value from an array? Something like: </p><p>array.remove(value);</p><p>Constraints: I have to use core JavaScript. Frameworks are not allowed.</p>",
      "user": "hello",
      "date": "2023/08/12",
      "vote": 2,
      "tag": "[aws]",
      "answer": []
    },
    {
      "questionId": 9,
      "title": "How can I remove a specific item from an array in SpringBoot?",
      "content": "<p>How do I remove a specific value from an array? Something like: </p><p>array.remove(value);</p><p>Constraints: I have to use core JavaScript. Frameworks are not allowed.</p>",
      "user": "hello",
      "date": "2023/08/12",
      "vote": 0,
      "tag": "[springboot]",
      "answer": [
        {
          "answerId": 0,
          "content": "Find the index of the array element you want to remove using indexOf, and then remove that index with splice.",
          "user": "Answer Robot",
          "date": "2023/08/12",
          "vote": 0
        },
        {
          "answerId": 0,
          "content": "Find the index of the array element you want to remove using indexOf, and then remove that index with splice.",
          "user": "Answer Robot",
          "date": "2023/08/12",
          "vote": 0
        }
      ]
    }
  ]
}